Match Name,Spring Classic USPSA Level 1
Match Date,2026-05-17
Stages,5

Overall Place,Division Place,First Name,Last Name,USPSA #,Division,Class,Power Factor,Match Points,Match %,Stage 1 %,Stage 2 %,Stage 3 %,Stage 4 %,Stage 5 %
1,1,Jordan,Vance,A12345,Carry Optics,A,Minor,720.5000,100.00,100.00,95.20,100.00,98.10,100.00
2,1,Sam,Okafor,A33321,Limited,A,Major,701.2000,100.00,98.40,100.00,96.70,100.00,99.10
3,2,Michael,Minik,TY79901,Carry Optics,C,Minor,612.3400,84.98,80.10,88.30,79.50,91.20,86.40
4,3,Dana,Whitfield,A44419,Carry Optics,B,Minor,585.0000,81.20,79.00,84.10,77.30,85.60,80.00
5,4,Pat,Rosario,A55512,Carry Optics,B,Minor,560.1200,77.74,75.00,80.00,70.20,82.10,79.90
